{"cameraMode":{"drawMode":0,"name":"Shaded","section":"Shading Mode"},"sceneLighting":true,"audioPlay":false,"sceneViewState":{"showFog":true,"showMaterialUpdate":false,"showSkybox":true,"showFlares":true,"showImageEffects":true,"showParticleSystems":true},"in2DMode":false,"pivot":{"x":0.01748800277709961,"y":-0.050151824951171878,"z":0.01764535903930664},"rotation":{"x":-0.021937130019068719,"y":0.9439659118652344,"z":-0.06410825997591019,"w":-0.323014497756958},"size":10.0,"orthographic":false}